Abarth0.jpg	Abarth
Abarth1.jpg	Abarth
Abarth2.jpg	Abarth
Abarth3.jpg	Abarth
Abarth4.jpg	Abarth
Abarth5.jpg	Abarth
Abarth6.jpg	Abarth
Abarth7.jpg	Abarth
Abarth8.jpg	Abarth
Abarth9.jpg	Abarth
Abarth10.jpg	Abarth
Abarth11.jpg	Abarth
Abarth12.jpg	Abarth
Abarth13.jpg	Abarth
Abarth14.jpg	Abarth
Abarth15.jpg	Abarth
Abarth16.jpg	Abarth
Abarth17.jpg	Abarth
Abarth18.jpg	Abarth
Abarth19.jpg	Abarth
Abarth20.jpg	Abarth
Abarth21.jpg	Abarth
Abarth22.jpg	Abarth
Abarth23.jpg	Abarth
Abarth24.jpg	Abarth
Abarth25.jpg	Abarth
Abarth26.jpg	Abarth
Abarth27.jpg	Abarth
Abarth28.jpg	Abarth
Abarth29.jpg	Abarth
Abarth30.jpg	Abarth
Abarth31.jpg	Abarth
Abarth32.jpg	Abarth
Abarth33.jpg	Abarth
Abarth34.jpg	Abarth
Abarth35.jpg	Abarth
Abarth36.jpg	Abarth
Abarth37.jpg	Abarth
Abarth38.jpg	Abarth
Abarth39.jpg	Abarth
Alfa Romeo0.jpg	Alfa Romeo
Alfa Romeo1.jpg	Alfa Romeo
Alfa Romeo2.jpg	Alfa Romeo
Alfa Romeo3.jpg	Alfa Romeo
Alfa Romeo4.jpg	Alfa Romeo
Alfa Romeo5.jpg	Alfa Romeo
Alfa Romeo6.jpg	Alfa Romeo
Alfa Romeo7.jpg	Alfa Romeo
Alfa Romeo8.jpg	Alfa Romeo
Alfa Romeo9.jpg	Alfa Romeo
Alfa Romeo10.jpg	Alfa Romeo
Alfa Romeo11.jpg	Alfa Romeo
Alfa Romeo12.jpg	Alfa Romeo
Alfa Romeo13.jpg	Alfa Romeo
Alfa Romeo14.jpg	Alfa Romeo
Alfa Romeo15.jpg	Alfa Romeo
Alfa Romeo16.jpg	Alfa Romeo
Alfa Romeo17.jpg	Alfa Romeo
Alfa Romeo18.jpg	Alfa Romeo
Alfa Romeo19.jpg	Alfa Romeo
Alfa Romeo20.jpg	Alfa Romeo
Alfa Romeo21.jpg	Alfa Romeo
Alfa Romeo22.jpg	Alfa Romeo
Alfa Romeo23.jpg	Alfa Romeo
Alfa Romeo24.jpg	Alfa Romeo
Alfa Romeo25.jpg	Alfa Romeo
Alfa Romeo26.jpg	Alfa Romeo
Alfa Romeo27.jpg	Alfa Romeo
Alfa Romeo28.jpg	Alfa Romeo
Alfa Romeo29.jpg	Alfa Romeo
Alfa Romeo30.jpg	Alfa Romeo
Alfa Romeo31.jpg	Alfa Romeo
Alfa Romeo32.jpg	Alfa Romeo
Alfa Romeo33.jpg	Alfa Romeo
Alfa Romeo34.jpg	Alfa Romeo
Alfa Romeo35.jpg	Alfa Romeo
Alfa Romeo36.jpg	Alfa Romeo
Alfa Romeo37.jpg	Alfa Romeo
Alfa Romeo38.jpg	Alfa Romeo
Alfa Romeo39.jpg	Alfa Romeo
Aston Martin0.jpg	Aston Martin
Aston Martin1.jpg	Aston Martin
Aston Martin2.jpg	Aston Martin
Aston Martin3.jpg	Aston Martin
Aston Martin4.jpg	Aston Martin
Aston Martin5.jpg	Aston Martin
Aston Martin6.jpg	Aston Martin
Aston Martin7.jpg	Aston Martin
Aston Martin8.jpg	Aston Martin
Aston Martin9.jpg	Aston Martin
Aston Martin10.jpg	Aston Martin
Aston Martin11.jpg	Aston Martin
Aston Martin12.jpg	Aston Martin
Aston Martin13.jpg	Aston Martin
Aston Martin14.jpg	Aston Martin
Aston Martin15.jpg	Aston Martin
Aston Martin16.jpg	Aston Martin
Aston Martin17.jpg	Aston Martin
Aston Martin18.jpg	Aston Martin
Aston Martin19.jpg	Aston Martin
Aston Martin20.jpg	Aston Martin
Aston Martin21.jpg	Aston Martin
Aston Martin22.jpg	Aston Martin
Aston Martin23.jpg	Aston Martin
Aston Martin24.jpg	Aston Martin
Audi0.jpg	Audi
Audi1.jpg	Audi
Audi2.jpg	Audi
Audi3.jpg	Audi
Audi4.jpg	Audi
Audi5.jpg	Audi
Audi6.jpg	Audi
Audi7.jpg	Audi
Audi8.jpg	Audi
Audi9.jpg	Audi
Audi10.jpg	Audi
Audi11.jpg	Audi
Audi12.jpg	Audi
Audi13.jpg	Audi
Audi14.jpg	Audi
Audi15.jpg	Audi
Audi16.jpg	Audi
Audi17.jpg	Audi
Audi18.jpg	Audi
Audi19.jpg	Audi
Audi20.jpg	Audi
Audi21.jpg	Audi
Audi22.jpg	Audi
Audi23.jpg	Audi
Audi24.jpg	Audi
Audi25.jpg	Audi
Audi26.jpg	Audi
Audi27.jpg	Audi
Audi28.jpg	Audi
Audi29.jpg	Audi
Audi30.jpg	Audi
Audi31.jpg	Audi
Audi32.jpg	Audi
Audi33.jpg	Audi
Audi34.jpg	Audi
Audi35.jpg	Audi
Audi36.jpg	Audi
Audi37.jpg	Audi
Audi38.jpg	Audi
Audi39.jpg	Audi
Bentley0.jpg	Bentley
Bentley1.jpg	Bentley
Bentley2.jpg	Bentley
Bentley3.jpg	Bentley
Bentley4.jpg	Bentley
Bentley5.jpg	Bentley
Bentley6.jpg	Bentley
Bentley7.jpg	Bentley
Bentley8.jpg	Bentley
Bentley9.jpg	Bentley
Bentley10.jpg	Bentley
Bentley11.jpg	Bentley
Bentley12.jpg	Bentley
Bentley13.jpg	Bentley
Bentley14.jpg	Bentley
Bentley15.jpg	Bentley
Bentley16.jpg	Bentley
Bentley17.jpg	Bentley
Bentley18.jpg	Bentley
Bentley19.jpg	Bentley
Bentley20.jpg	Bentley
Bentley21.jpg	Bentley
Bentley22.jpg	Bentley
Bentley23.jpg	Bentley
Bentley24.jpg	Bentley
Bentley25.jpg	Bentley
Bentley26.jpg	Bentley
Bentley27.jpg	Bentley
Bentley28.jpg	Bentley
Bentley29.jpg	Bentley
Bentley30.jpg	Bentley
Bentley31.jpg	Bentley
Bentley32.jpg	Bentley
Bentley33.jpg	Bentley
Bentley34.jpg	Bentley
Bentley35.jpg	Bentley
Bentley36.jpg	Bentley
Bentley37.jpg	Bentley
Bentley38.jpg	Bentley
Bentley39.jpg	Bentley
BMW0.jpg	BMW
BMW1.jpg	BMW
BMW2.jpg	BMW
BMW3.jpg	BMW
BMW4.jpg	BMW
BMW5.jpg	BMW
BMW6.jpg	BMW
BMW7.jpg	BMW
BMW8.jpg	BMW
BMW9.jpg	BMW
BMW10.jpg	BMW
BMW11.jpg	BMW
BMW12.jpg	BMW
BMW13.jpg	BMW
BMW14.jpg	BMW
BMW15.jpg	BMW
BMW16.jpg	BMW
BMW17.jpg	BMW
BMW18.jpg	BMW
BMW19.jpg	BMW
BMW20.jpg	BMW
BMW21.jpg	BMW
BMW22.jpg	BMW
BMW23.jpg	BMW
BMW24.jpg	BMW
BMW25.jpg	BMW
BMW26.jpg	BMW
BMW27.jpg	BMW
BMW28.jpg	BMW
BMW29.jpg	BMW
BMW30.jpg	BMW
BMW31.jpg	BMW
BMW32.jpg	BMW
BMW33.jpg	BMW
BMW34.jpg	BMW
BMW35.jpg	BMW
BMW36.jpg	BMW
BMW37.jpg	BMW
BMW38.jpg	BMW
BMW39.jpg	BMW
Chevrolet0.jpg	Chevrolet
Chevrolet1.jpg	Chevrolet
Chevrolet2.jpg	Chevrolet
Chevrolet3.jpg	Chevrolet
Chevrolet4.jpg	Chevrolet
Chevrolet5.jpg	Chevrolet
Chevrolet6.jpg	Chevrolet
Chevrolet7.jpg	Chevrolet
Chevrolet8.jpg	Chevrolet
Chevrolet9.jpg	Chevrolet
Chevrolet10.jpg	Chevrolet
Chevrolet11.jpg	Chevrolet
Chevrolet12.jpg	Chevrolet
Chevrolet13.jpg	Chevrolet
Chevrolet14.jpg	Chevrolet
Chevrolet15.jpg	Chevrolet
Chevrolet16.jpg	Chevrolet
Chevrolet17.jpg	Chevrolet
Chevrolet18.jpg	Chevrolet
Chevrolet19.jpg	Chevrolet
Chevrolet20.jpg	Chevrolet
Chevrolet21.jpg	Chevrolet
Chevrolet22.jpg	Chevrolet
Chevrolet23.jpg	Chevrolet
Chevrolet24.jpg	Chevrolet
Chevrolet25.jpg	Chevrolet
Chevrolet26.jpg	Chevrolet
Chevrolet27.jpg	Chevrolet
Chevrolet28.jpg	Chevrolet
Chevrolet29.jpg	Chevrolet
Chevrolet30.jpg	Chevrolet
Chevrolet31.jpg	Chevrolet
Chevrolet32.jpg	Chevrolet
Chevrolet33.jpg	Chevrolet
Chevrolet34.jpg	Chevrolet
Chevrolet35.jpg	Chevrolet
Chevrolet36.jpg	Chevrolet
Chevrolet37.jpg	Chevrolet
Chevrolet38.jpg	Chevrolet
Chevrolet39.jpg	Chevrolet
Chrysler0.jpg	Chrysler
Chrysler1.jpg	Chrysler
Chrysler2.jpg	Chrysler
Chrysler3.jpg	Chrysler
Chrysler4.jpg	Chrysler
Chrysler5.jpg	Chrysler
Chrysler6.jpg	Chrysler
Chrysler7.jpg	Chrysler
Chrysler8.jpg	Chrysler
Chrysler9.jpg	Chrysler
Chrysler10.jpg	Chrysler
Chrysler11.jpg	Chrysler
Chrysler12.jpg	Chrysler
Chrysler13.jpg	Chrysler
Chrysler14.jpg	Chrysler
Chrysler15.jpg	Chrysler
Chrysler16.jpg	Chrysler
Chrysler17.jpg	Chrysler
Chrysler18.jpg	Chrysler
Chrysler19.jpg	Chrysler
Chrysler20.jpg	Chrysler
Chrysler21.jpg	Chrysler
Chrysler22.jpg	Chrysler
Chrysler23.jpg	Chrysler
Chrysler24.jpg	Chrysler
Chrysler25.jpg	Chrysler
Chrysler26.jpg	Chrysler
Chrysler27.jpg	Chrysler
Chrysler28.jpg	Chrysler
Chrysler29.jpg	Chrysler
Chrysler30.jpg	Chrysler
Chrysler31.jpg	Chrysler
Chrysler32.jpg	Chrysler
Chrysler33.jpg	Chrysler
Chrysler34.jpg	Chrysler
Chrysler35.jpg	Chrysler
Chrysler36.jpg	Chrysler
Chrysler37.jpg	Chrysler
Chrysler38.jpg	Chrysler
Chrysler39.jpg	Chrysler
Citroen0.jpg	Citroen
Citroen1.jpg	Citroen
Citroen2.jpg	Citroen
Citroen3.jpg	Citroen
Citroen4.jpg	Citroen
Citroen5.jpg	Citroen
Citroen6.jpg	Citroen
Citroen7.jpg	Citroen
Citroen8.jpg	Citroen
Citroen9.jpg	Citroen
Citroen10.jpg	Citroen
Citroen11.jpg	Citroen
Citroen12.jpg	Citroen
Citroen13.jpg	Citroen
Citroen14.jpg	Citroen
Citroen15.jpg	Citroen
Citroen16.jpg	Citroen
Citroen17.jpg	Citroen
Citroen18.jpg	Citroen
Citroen19.jpg	Citroen
Citroen20.jpg	Citroen
Citroen21.jpg	Citroen
Citroen22.jpg	Citroen
Citroen23.jpg	Citroen
Citroen24.jpg	Citroen
Citroen25.jpg	Citroen
Citroen26.jpg	Citroen
Citroen27.jpg	Citroen
Citroen28.jpg	Citroen
Citroen29.jpg	Citroen
Citroen30.jpg	Citroen
Citroen31.jpg	Citroen
Citroen32.jpg	Citroen
Citroen33.jpg	Citroen
Citroen34.jpg	Citroen
Citroen35.jpg	Citroen
Citroen36.jpg	Citroen
Citroen37.jpg	Citroen
Citroen38.jpg	Citroen
Citroen39.jpg	Citroen
Dacia0.jpg	Dacia
Dacia1.jpg	Dacia
Dacia2.jpg	Dacia
Dacia3.jpg	Dacia
Dacia4.jpg	Dacia
Dacia5.jpg	Dacia
Dacia6.jpg	Dacia
Dacia7.jpg	Dacia
Dacia8.jpg	Dacia
Dacia9.jpg	Dacia
Dacia10.jpg	Dacia
Dacia11.jpg	Dacia
Dacia12.jpg	Dacia
Dacia13.jpg	Dacia
Dacia14.jpg	Dacia
Dacia15.jpg	Dacia
Dacia16.jpg	Dacia
Dacia17.jpg	Dacia
Dacia18.jpg	Dacia
Dacia19.jpg	Dacia
Dacia20.jpg	Dacia
Dacia21.jpg	Dacia
Dacia22.jpg	Dacia
Dacia23.jpg	Dacia
Dacia24.jpg	Dacia
Dacia25.jpg	Dacia
Dacia26.jpg	Dacia
Dacia27.jpg	Dacia
Dacia28.jpg	Dacia
Dacia29.jpg	Dacia
Dacia30.jpg	Dacia
Dacia31.jpg	Dacia
Dacia32.jpg	Dacia
Dacia33.jpg	Dacia
Dacia34.jpg	Dacia
Dacia35.jpg	Dacia
Dacia36.jpg	Dacia
Dacia37.jpg	Dacia
Dacia38.jpg	Dacia
Dacia39.jpg	Dacia
Daihatsu0.jpg	Daihatsu
Daihatsu1.jpg	Daihatsu
Daihatsu2.jpg	Daihatsu
Daihatsu3.jpg	Daihatsu
Daihatsu4.jpg	Daihatsu
Daihatsu5.jpg	Daihatsu
Daihatsu6.jpg	Daihatsu
Daihatsu7.jpg	Daihatsu
Daihatsu8.jpg	Daihatsu
Daihatsu9.jpg	Daihatsu
Daihatsu10.jpg	Daihatsu
Daihatsu11.jpg	Daihatsu
Daihatsu12.jpg	Daihatsu
Daihatsu13.jpg	Daihatsu
Daihatsu14.jpg	Daihatsu
Daihatsu15.jpg	Daihatsu
Daihatsu16.jpg	Daihatsu
Daihatsu17.jpg	Daihatsu
Daihatsu18.jpg	Daihatsu
Daihatsu19.jpg	Daihatsu
Daihatsu20.jpg	Daihatsu
Daihatsu21.jpg	Daihatsu
Daihatsu22.jpg	Daihatsu
Daihatsu23.jpg	Daihatsu
Daihatsu24.jpg	Daihatsu
Daihatsu25.jpg	Daihatsu
Daihatsu26.jpg	Daihatsu
Daihatsu27.jpg	Daihatsu
Daihatsu28.jpg	Daihatsu
Daihatsu29.jpg	Daihatsu
Daihatsu30.jpg	Daihatsu
Daihatsu31.jpg	Daihatsu
Daihatsu32.jpg	Daihatsu
Dodge0.jpg	Dodge
Dodge1.jpg	Dodge
Dodge2.jpg	Dodge
Dodge3.jpg	Dodge
Dodge4.jpg	Dodge
Dodge5.jpg	Dodge
Dodge6.jpg	Dodge
Dodge7.jpg	Dodge
Dodge8.jpg	Dodge
Dodge9.jpg	Dodge
Dodge10.jpg	Dodge
Dodge11.jpg	Dodge
Dodge12.jpg	Dodge
Dodge13.jpg	Dodge
Dodge14.jpg	Dodge
Dodge15.jpg	Dodge
Dodge16.jpg	Dodge
Dodge17.jpg	Dodge
Dodge18.jpg	Dodge
Dodge19.jpg	Dodge
Dodge20.jpg	Dodge
Dodge21.jpg	Dodge
Dodge22.jpg	Dodge
Dodge23.jpg	Dodge
Dodge24.jpg	Dodge
Dodge25.jpg	Dodge
Dodge26.jpg	Dodge
Dodge27.jpg	Dodge
Dodge28.jpg	Dodge
Dodge29.jpg	Dodge
Dodge30.jpg	Dodge
Dodge31.jpg	Dodge
Dodge32.jpg	Dodge
Dodge33.jpg	Dodge
Dodge34.jpg	Dodge
Dodge35.jpg	Dodge
Dodge36.jpg	Dodge
Dodge37.jpg	Dodge
Dodge38.jpg	Dodge
Dodge39.jpg	Dodge
DS0.jpg	DS
DS1.jpg	DS
DS2.jpg	DS
DS3.jpg	DS
DS4.jpg	DS
DS5.jpg	DS
DS6.jpg	DS
DS7.jpg	DS
DS8.jpg	DS
Ferrari0.jpg	Ferrari
Ferrari1.jpg	Ferrari
Ferrari2.jpg	Ferrari
Ferrari3.jpg	Ferrari
Ferrari4.jpg	Ferrari
Ferrari5.jpg	Ferrari
Ferrari6.jpg	Ferrari
Ferrari7.jpg	Ferrari
Ferrari8.jpg	Ferrari
Ferrari9.jpg	Ferrari
Ferrari10.jpg	Ferrari
Ferrari11.jpg	Ferrari
Ferrari12.jpg	Ferrari
Ferrari13.jpg	Ferrari
Ferrari14.jpg	Ferrari
Ferrari15.jpg	Ferrari
Ferrari16.jpg	Ferrari
Ferrari17.jpg	Ferrari
Ferrari18.jpg	Ferrari
Ferrari19.jpg	Ferrari
Ferrari20.jpg	Ferrari
Ferrari21.jpg	Ferrari
Ferrari22.jpg	Ferrari
Ferrari23.jpg	Ferrari
Ferrari24.jpg	Ferrari
Ferrari25.jpg	Ferrari
Ferrari26.jpg	Ferrari
Ferrari27.jpg	Ferrari
Ferrari28.jpg	Ferrari
Ferrari29.jpg	Ferrari
Ferrari30.jpg	Ferrari
Ferrari31.jpg	Ferrari
Ferrari32.jpg	Ferrari
Ferrari33.jpg	Ferrari
Ferrari34.jpg	Ferrari
Ferrari35.jpg	Ferrari
Ferrari36.jpg	Ferrari
Ferrari37.jpg	Ferrari
Ferrari38.jpg	Ferrari
Ferrari39.jpg	Ferrari
Fiat0.jpg	Fiat
Fiat1.jpg	Fiat
Fiat2.jpg	Fiat
Fiat3.jpg	Fiat
Fiat4.jpg	Fiat
Fiat5.jpg	Fiat
Fiat6.jpg	Fiat
Fiat7.jpg	Fiat
Fiat8.jpg	Fiat
Fiat9.jpg	Fiat
Fiat10.jpg	Fiat
Fiat11.jpg	Fiat
Fiat12.jpg	Fiat
Fiat13.jpg	Fiat
Fiat14.jpg	Fiat
Fiat15.jpg	Fiat
Fiat16.jpg	Fiat
Fiat17.jpg	Fiat
Fiat18.jpg	Fiat
Fiat19.jpg	Fiat
Fiat20.jpg	Fiat
Fiat21.jpg	Fiat
Fiat22.jpg	Fiat
Fiat23.jpg	Fiat
Fiat24.jpg	Fiat
Fiat25.jpg	Fiat
Fiat26.jpg	Fiat
Fiat27.jpg	Fiat
Fiat28.jpg	Fiat
Fiat29.jpg	Fiat
Fiat30.jpg	Fiat
Fiat31.jpg	Fiat
Fiat32.jpg	Fiat
Fiat33.jpg	Fiat
Fiat34.jpg	Fiat
Fiat35.jpg	Fiat
Fiat36.jpg	Fiat
Fiat37.jpg	Fiat
Fiat38.jpg	Fiat
Fiat39.jpg	Fiat
Ford0.jpg	Ford
Ford1.jpg	Ford
Ford2.jpg	Ford
Ford3.jpg	Ford
Ford4.jpg	Ford
Ford5.jpg	Ford
Ford6.jpg	Ford
Ford7.jpg	Ford
Ford8.jpg	Ford
Ford9.jpg	Ford
Ford10.jpg	Ford
Ford11.jpg	Ford
Ford12.jpg	Ford
Ford13.jpg	Ford
Ford14.jpg	Ford
Ford15.jpg	Ford
Ford16.jpg	Ford
Ford17.jpg	Ford
Ford18.jpg	Ford
Ford19.jpg	Ford
Ford20.jpg	Ford
Ford21.jpg	Ford
Ford22.jpg	Ford
Ford23.jpg	Ford
Ford24.jpg	Ford
Ford25.jpg	Ford
Ford26.jpg	Ford
Ford27.jpg	Ford
Ford28.jpg	Ford
Ford29.jpg	Ford
Ford30.jpg	Ford
Ford31.jpg	Ford
Ford32.jpg	Ford
Ford33.jpg	Ford
Ford34.jpg	Ford
Ford35.jpg	Ford
Ford36.jpg	Ford
Ford37.jpg	Ford
Ford38.jpg	Ford
Ford39.jpg	Ford
Great Wall0.jpg	Great Wall
Great Wall1.jpg	Great Wall
Great Wall2.jpg	Great Wall
Great Wall3.jpg	Great Wall
Great Wall4.jpg	Great Wall
Great Wall5.jpg	Great Wall
Great Wall6.jpg	Great Wall
Great Wall7.jpg	Great Wall
Honda0.jpg	Honda
Honda1.jpg	Honda
Honda2.jpg	Honda
Honda3.jpg	Honda
Honda4.jpg	Honda
Honda5.jpg	Honda
Honda6.jpg	Honda
Honda7.jpg	Honda
Honda8.jpg	Honda
Honda9.jpg	Honda
Honda10.jpg	Honda
Honda11.jpg	Honda
Honda12.jpg	Honda
Honda13.jpg	Honda
Honda14.jpg	Honda
Honda15.jpg	Honda
Honda16.jpg	Honda
Honda17.jpg	Honda
Honda18.jpg	Honda
Honda19.jpg	Honda
Honda20.jpg	Honda
Honda21.jpg	Honda
Honda22.jpg	Honda
Honda23.jpg	Honda
Honda24.jpg	Honda
Honda25.jpg	Honda
Honda26.jpg	Honda
Honda27.jpg	Honda
Honda28.jpg	Honda
Honda29.jpg	Honda
Honda30.jpg	Honda
Honda31.jpg	Honda
Honda32.jpg	Honda
Honda33.jpg	Honda
Honda34.jpg	Honda
Honda35.jpg	Honda
Honda36.jpg	Honda
Honda37.jpg	Honda
Honda38.jpg	Honda
Honda39.jpg	Honda
Hyundai0.jpg	Hyundai
Hyundai1.jpg	Hyundai
Hyundai2.jpg	Hyundai
Hyundai3.jpg	Hyundai
Hyundai4.jpg	Hyundai
Hyundai5.jpg	Hyundai
Hyundai6.jpg	Hyundai
Hyundai7.jpg	Hyundai
Hyundai8.jpg	Hyundai
Hyundai9.jpg	Hyundai
Hyundai10.jpg	Hyundai
Hyundai11.jpg	Hyundai
Hyundai12.jpg	Hyundai
Hyundai13.jpg	Hyundai
Hyundai14.jpg	Hyundai
Hyundai15.jpg	Hyundai
Hyundai16.jpg	Hyundai
Hyundai17.jpg	Hyundai
Hyundai18.jpg	Hyundai
Hyundai19.jpg	Hyundai
Hyundai20.jpg	Hyundai
Hyundai21.jpg	Hyundai
Hyundai22.jpg	Hyundai
Hyundai23.jpg	Hyundai
Hyundai24.jpg	Hyundai
Hyundai25.jpg	Hyundai
Hyundai26.jpg	Hyundai
Hyundai27.jpg	Hyundai
Hyundai28.jpg	Hyundai
Hyundai29.jpg	Hyundai
Hyundai30.jpg	Hyundai
Hyundai31.jpg	Hyundai
Hyundai32.jpg	Hyundai
Hyundai33.jpg	Hyundai
Hyundai34.jpg	Hyundai
Hyundai35.jpg	Hyundai
Hyundai36.jpg	Hyundai
Hyundai37.jpg	Hyundai
Hyundai38.jpg	Hyundai
Hyundai39.jpg	Hyundai
Infiniti0.jpg	Infiniti
Infiniti1.jpg	Infiniti
Infiniti2.jpg	Infiniti
Infiniti3.jpg	Infiniti
Infiniti4.jpg	Infiniti
Infiniti5.jpg	Infiniti
Infiniti6.jpg	Infiniti
Infiniti7.jpg	Infiniti
Infiniti8.jpg	Infiniti
Infiniti9.jpg	Infiniti
Infiniti10.jpg	Infiniti
Infiniti11.jpg	Infiniti
Infiniti12.jpg	Infiniti
Infiniti13.jpg	Infiniti
Infiniti14.jpg	Infiniti
Infiniti15.jpg	Infiniti
Infiniti16.jpg	Infiniti
Infiniti17.jpg	Infiniti
Infiniti18.jpg	Infiniti
Infiniti19.jpg	Infiniti
Infiniti20.jpg	Infiniti
Infiniti21.jpg	Infiniti
Infiniti22.jpg	Infiniti
Infiniti23.jpg	Infiniti
Infiniti24.jpg	Infiniti
Infiniti25.jpg	Infiniti
Infiniti26.jpg	Infiniti
Infiniti27.jpg	Infiniti
Infiniti28.jpg	Infiniti
Infiniti29.jpg	Infiniti
Infiniti30.jpg	Infiniti
Infiniti31.jpg	Infiniti
Infiniti32.jpg	Infiniti
Infiniti33.jpg	Infiniti
Infiniti34.jpg	Infiniti
Infiniti35.jpg	Infiniti
Infiniti36.jpg	Infiniti
Infiniti37.jpg	Infiniti
Infiniti38.jpg	Infiniti
Infiniti39.jpg	Infiniti
Isuzu0.jpg	Isuzu
Isuzu1.jpg	Isuzu
Isuzu2.jpg	Isuzu
Isuzu3.jpg	Isuzu
Isuzu4.jpg	Isuzu
Isuzu5.jpg	Isuzu
Isuzu6.jpg	Isuzu
Isuzu7.jpg	Isuzu
Isuzu8.jpg	Isuzu
Isuzu9.jpg	Isuzu
Isuzu10.jpg	Isuzu
Isuzu11.jpg	Isuzu
Isuzu12.jpg	Isuzu
Isuzu13.jpg	Isuzu
Isuzu14.jpg	Isuzu
Isuzu15.jpg	Isuzu
Isuzu16.jpg	Isuzu
Isuzu17.jpg	Isuzu
Isuzu18.jpg	Isuzu
Isuzu19.jpg	Isuzu
Isuzu20.jpg	Isuzu
Isuzu21.jpg	Isuzu
Isuzu22.jpg	Isuzu
Isuzu23.jpg	Isuzu
Isuzu24.jpg	Isuzu
Isuzu25.jpg	Isuzu
Isuzu26.jpg	Isuzu
Isuzu27.jpg	Isuzu
Isuzu28.jpg	Isuzu
Isuzu29.jpg	Isuzu
Isuzu30.jpg	Isuzu
Isuzu31.jpg	Isuzu
Isuzu32.jpg	Isuzu
Isuzu33.jpg	Isuzu
Isuzu34.jpg	Isuzu
Isuzu35.jpg	Isuzu
Isuzu36.jpg	Isuzu
Isuzu37.jpg	Isuzu
Isuzu38.jpg	Isuzu
Isuzu39.jpg	Isuzu
Jaguar0.jpg	Jaguar
Jaguar1.jpg	Jaguar
Jaguar2.jpg	Jaguar
Jaguar3.jpg	Jaguar
Jaguar4.jpg	Jaguar
Jaguar5.jpg	Jaguar
Jaguar6.jpg	Jaguar
Jaguar7.jpg	Jaguar
Jaguar8.jpg	Jaguar
Jaguar9.jpg	Jaguar
Jaguar10.jpg	Jaguar
Jaguar11.jpg	Jaguar
Jaguar12.jpg	Jaguar
Jaguar13.jpg	Jaguar
Jaguar14.jpg	Jaguar
Jaguar15.jpg	Jaguar
Jaguar16.jpg	Jaguar
Jaguar17.jpg	Jaguar
Jaguar18.jpg	Jaguar
Jaguar19.jpg	Jaguar
Jaguar20.jpg	Jaguar
Jaguar21.jpg	Jaguar
Jaguar22.jpg	Jaguar
Jaguar23.jpg	Jaguar
Jaguar24.jpg	Jaguar
Jaguar25.jpg	Jaguar
Jaguar26.jpg	Jaguar
Jaguar27.jpg	Jaguar
Jaguar28.jpg	Jaguar
Jaguar29.jpg	Jaguar
Jaguar30.jpg	Jaguar
Jaguar31.jpg	Jaguar
Jaguar32.jpg	Jaguar
Jaguar33.jpg	Jaguar
Jaguar34.jpg	Jaguar
Jaguar35.jpg	Jaguar
Jaguar36.jpg	Jaguar
Jaguar37.jpg	Jaguar
Jaguar38.jpg	Jaguar
Jaguar39.jpg	Jaguar
Jeep0.jpg	Jeep
Jeep1.jpg	Jeep
Jeep2.jpg	Jeep
Jeep3.jpg	Jeep
Jeep4.jpg	Jeep
Jeep5.jpg	Jeep
Jeep6.jpg	Jeep
Jeep7.jpg	Jeep
Jeep8.jpg	Jeep
Jeep9.jpg	Jeep
Jeep10.jpg	Jeep
Jeep11.jpg	Jeep
Jeep12.jpg	Jeep
Jeep13.jpg	Jeep
Jeep14.jpg	Jeep
Jeep15.jpg	Jeep
Jeep16.jpg	Jeep
Jeep17.jpg	Jeep
Jeep18.jpg	Jeep
Jeep19.jpg	Jeep
Jeep20.jpg	Jeep
Jeep21.jpg	Jeep
Jeep22.jpg	Jeep
Jeep23.jpg	Jeep
Jeep24.jpg	Jeep
Jeep25.jpg	Jeep
Jeep26.jpg	Jeep
Jeep27.jpg	Jeep
Jeep28.jpg	Jeep
Jeep29.jpg	Jeep
Jeep30.jpg	Jeep
Jeep31.jpg	Jeep
Jeep32.jpg	Jeep
Jeep33.jpg	Jeep
Jeep34.jpg	Jeep
Jeep35.jpg	Jeep
Jeep36.jpg	Jeep
Jeep37.jpg	Jeep
Jeep38.jpg	Jeep
Jeep39.jpg	Jeep
Kia0.jpg	Kia
Kia1.jpg	Kia
Kia2.jpg	Kia
Kia3.jpg	Kia
Kia4.jpg	Kia
Kia5.jpg	Kia
Kia6.jpg	Kia
Kia7.jpg	Kia
Kia8.jpg	Kia
Kia9.jpg	Kia
Kia10.jpg	Kia
Kia11.jpg	Kia
Kia12.jpg	Kia
Kia13.jpg	Kia
Kia14.jpg	Kia
Kia15.jpg	Kia
Kia16.jpg	Kia
Kia17.jpg	Kia
Kia18.jpg	Kia
Kia19.jpg	Kia
Kia20.jpg	Kia
Kia21.jpg	Kia
Kia22.jpg	Kia
Kia23.jpg	Kia
Kia24.jpg	Kia
Kia25.jpg	Kia
Kia26.jpg	Kia
Kia27.jpg	Kia
Kia28.jpg	Kia
Kia29.jpg	Kia
Kia30.jpg	Kia
Kia31.jpg	Kia
Kia32.jpg	Kia
Kia33.jpg	Kia
Kia34.jpg	Kia
Kia35.jpg	Kia
Kia36.jpg	Kia
Kia37.jpg	Kia
Kia38.jpg	Kia
Kia39.jpg	Kia
Lamborghini0.jpg	Lamborghini
Lamborghini1.jpg	Lamborghini
Lamborghini2.jpg	Lamborghini
Lamborghini3.jpg	Lamborghini
Lamborghini4.jpg	Lamborghini
Lamborghini5.jpg	Lamborghini
Lamborghini6.jpg	Lamborghini
Lamborghini7.jpg	Lamborghini
Lamborghini8.jpg	Lamborghini
Lamborghini9.jpg	Lamborghini
Lamborghini10.jpg	Lamborghini
Lamborghini11.jpg	Lamborghini
Lamborghini12.jpg	Lamborghini
Lamborghini13.jpg	Lamborghini
Lamborghini14.jpg	Lamborghini
Lamborghini15.jpg	Lamborghini
Lamborghini16.jpg	Lamborghini
Lamborghini17.jpg	Lamborghini
Lamborghini18.jpg	Lamborghini
Lamborghini19.jpg	Lamborghini
Lamborghini20.jpg	Lamborghini
Lamborghini21.jpg	Lamborghini
Lamborghini22.jpg	Lamborghini
Lamborghini23.jpg	Lamborghini
Lamborghini24.jpg	Lamborghini
Lamborghini25.jpg	Lamborghini
Lamborghini26.jpg	Lamborghini
Lamborghini27.jpg	Lamborghini
Lamborghini28.jpg	Lamborghini
Lamborghini29.jpg	Lamborghini
Lamborghini30.jpg	Lamborghini
Lamborghini31.jpg	Lamborghini
Lamborghini32.jpg	Lamborghini
Lamborghini33.jpg	Lamborghini
Lamborghini34.jpg	Lamborghini
Lamborghini35.jpg	Lamborghini
Lamborghini36.jpg	Lamborghini
Lamborghini37.jpg	Lamborghini
Lamborghini38.jpg	Lamborghini
Lamborghini39.jpg	Lamborghini
Land Rover0.jpg	Land Rover
Land Rover1.jpg	Land Rover
Land Rover2.jpg	Land Rover
Land Rover3.jpg	Land Rover
Land Rover4.jpg	Land Rover
Land Rover5.jpg	Land Rover
Land Rover6.jpg	Land Rover
Land Rover7.jpg	Land Rover
Land Rover8.jpg	Land Rover
Land Rover9.jpg	Land Rover
Land Rover10.jpg	Land Rover
Land Rover11.jpg	Land Rover
Land Rover12.jpg	Land Rover
Land Rover13.jpg	Land Rover
Land Rover14.jpg	Land Rover
Land Rover15.jpg	Land Rover
Land Rover16.jpg	Land Rover
Land Rover17.jpg	Land Rover
Land Rover18.jpg	Land Rover
Land Rover19.jpg	Land Rover
Land Rover20.jpg	Land Rover
Land Rover21.jpg	Land Rover
Land Rover22.jpg	Land Rover
Land Rover23.jpg	Land Rover
Land Rover24.jpg	Land Rover
Land Rover25.jpg	Land Rover
Land Rover26.jpg	Land Rover
Land Rover27.jpg	Land Rover
Land Rover28.jpg	Land Rover
Land Rover29.jpg	Land Rover
Land Rover30.jpg	Land Rover
Land Rover31.jpg	Land Rover
Land Rover32.jpg	Land Rover
Land Rover33.jpg	Land Rover
Land Rover34.jpg	Land Rover
Land Rover35.jpg	Land Rover
Land Rover36.jpg	Land Rover
Land Rover37.jpg	Land Rover
Land Rover38.jpg	Land Rover
Land Rover39.jpg	Land Rover
Lexus0.jpg	Lexus
Lexus1.jpg	Lexus
Lexus2.jpg	Lexus
Lexus3.jpg	Lexus
Lexus4.jpg	Lexus
Lexus5.jpg	Lexus
Lexus6.jpg	Lexus
Lexus7.jpg	Lexus
Lexus8.jpg	Lexus
Lexus9.jpg	Lexus
Lexus10.jpg	Lexus
Lexus11.jpg	Lexus
Lexus12.jpg	Lexus
Lexus13.jpg	Lexus
Lexus14.jpg	Lexus
Lexus15.jpg	Lexus
Lexus16.jpg	Lexus
Lexus17.jpg	Lexus
Lexus18.jpg	Lexus
Lexus19.jpg	Lexus
Lexus20.jpg	Lexus
Lexus21.jpg	Lexus
Lexus22.jpg	Lexus
Lexus23.jpg	Lexus
Lexus24.jpg	Lexus
Lexus25.jpg	Lexus
Lexus26.jpg	Lexus
Lexus27.jpg	Lexus
Lexus28.jpg	Lexus
Lexus29.jpg	Lexus
Lexus30.jpg	Lexus
Lexus31.jpg	Lexus
Lexus32.jpg	Lexus
Lexus33.jpg	Lexus
Lexus34.jpg	Lexus
Lexus35.jpg	Lexus
Lexus36.jpg	Lexus
Lexus37.jpg	Lexus
Lexus38.jpg	Lexus
Lexus39.jpg	Lexus
Lotus0.jpg	Lotus
Lotus1.jpg	Lotus
Lotus2.jpg	Lotus
Lotus3.jpg	Lotus
Lotus4.jpg	Lotus
Lotus5.jpg	Lotus
Lotus6.jpg	Lotus
Lotus7.jpg	Lotus
Lotus8.jpg	Lotus
Lotus9.jpg	Lotus
Maserati0.jpg	Maserati
Maserati1.jpg	Maserati
Maserati2.jpg	Maserati
Maserati3.jpg	Maserati
Maserati4.jpg	Maserati
Maserati5.jpg	Maserati
Maserati6.jpg	Maserati
Maserati7.jpg	Maserati
Maserati8.jpg	Maserati
Maserati9.jpg	Maserati
Maserati10.jpg	Maserati
Maserati11.jpg	Maserati
Maserati12.jpg	Maserati
Maserati13.jpg	Maserati
Maserati14.jpg	Maserati
Maserati15.jpg	Maserati
Maserati16.jpg	Maserati
Maserati17.jpg	Maserati
Maserati18.jpg	Maserati
Maserati19.jpg	Maserati
Maserati20.jpg	Maserati
Maserati21.jpg	Maserati
Maserati22.jpg	Maserati
Maserati23.jpg	Maserati
Maserati24.jpg	Maserati
Maserati25.jpg	Maserati
Maserati26.jpg	Maserati
Maserati27.jpg	Maserati
Maserati28.jpg	Maserati
Maserati29.jpg	Maserati
Maserati30.jpg	Maserati
Maserati31.jpg	Maserati
Maserati32.jpg	Maserati
Maserati33.jpg	Maserati
Maserati34.jpg	Maserati
Maserati35.jpg	Maserati
Maserati36.jpg	Maserati
Maserati37.jpg	Maserati
Maserati38.jpg	Maserati
Maserati39.jpg	Maserati
Mazda0.jpg	Mazda
Mazda1.jpg	Mazda
Mazda2.jpg	Mazda
Mazda3.jpg	Mazda
Mazda4.jpg	Mazda
Mazda5.jpg	Mazda
Mazda6.jpg	Mazda
Mazda7.jpg	Mazda
Mazda8.jpg	Mazda
Mazda9.jpg	Mazda
Mazda10.jpg	Mazda
Mazda11.jpg	Mazda
Mazda12.jpg	Mazda
Mazda13.jpg	Mazda
Mazda14.jpg	Mazda
Mazda15.jpg	Mazda
Mazda16.jpg	Mazda
Mazda17.jpg	Mazda
Mazda18.jpg	Mazda
Mazda19.jpg	Mazda
Mazda20.jpg	Mazda
Mazda21.jpg	Mazda
Mazda22.jpg	Mazda
Mazda23.jpg	Mazda
Mazda24.jpg	Mazda
Mazda25.jpg	Mazda
Mazda26.jpg	Mazda
Mazda27.jpg	Mazda
Mazda28.jpg	Mazda
Mazda29.jpg	Mazda
Mazda30.jpg	Mazda
Mazda31.jpg	Mazda
Mazda32.jpg	Mazda
Mazda33.jpg	Mazda
Mazda34.jpg	Mazda
Mazda35.jpg	Mazda
Mazda36.jpg	Mazda
Mazda37.jpg	Mazda
Mazda38.jpg	Mazda
Mazda39.jpg	Mazda
McLaren0.jpg	McLaren
McLaren1.jpg	McLaren
McLaren2.jpg	McLaren
McLaren3.jpg	McLaren
McLaren4.jpg	McLaren
McLaren5.jpg	McLaren
McLaren6.jpg	McLaren
McLaren7.jpg	McLaren
McLaren8.jpg	McLaren
McLaren9.jpg	McLaren
McLaren10.jpg	McLaren
McLaren11.jpg	McLaren
McLaren12.jpg	McLaren
McLaren13.jpg	McLaren
McLaren14.jpg	McLaren
McLaren15.jpg	McLaren
McLaren16.jpg	McLaren
McLaren17.jpg	McLaren
McLaren18.jpg	McLaren
McLaren19.jpg	McLaren
McLaren20.jpg	McLaren
McLaren21.jpg	McLaren
McLaren22.jpg	McLaren
McLaren23.jpg	McLaren
McLaren24.jpg	McLaren
McLaren25.jpg	McLaren
McLaren26.jpg	McLaren
McLaren27.jpg	McLaren
McLaren28.jpg	McLaren
McLaren29.jpg	McLaren
McLaren30.jpg	McLaren
McLaren31.jpg	McLaren
McLaren32.jpg	McLaren
McLaren33.jpg	McLaren
McLaren34.jpg	McLaren
Mercedes-Benz0.jpg	Mercedes-Benz
Mercedes-Benz1.jpg	Mercedes-Benz
Mercedes-Benz2.jpg	Mercedes-Benz
Mercedes-Benz3.jpg	Mercedes-Benz
Mercedes-Benz4.jpg	Mercedes-Benz
Mercedes-Benz5.jpg	Mercedes-Benz
Mercedes-Benz6.jpg	Mercedes-Benz
Mercedes-Benz7.jpg	Mercedes-Benz
Mercedes-Benz8.jpg	Mercedes-Benz
Mercedes-Benz9.jpg	Mercedes-Benz
Mercedes-Benz10.jpg	Mercedes-Benz
Mercedes-Benz11.jpg	Mercedes-Benz
Mercedes-Benz12.jpg	Mercedes-Benz
Mercedes-Benz13.jpg	Mercedes-Benz
Mercedes-Benz14.jpg	Mercedes-Benz
Mercedes-Benz15.jpg	Mercedes-Benz
Mercedes-Benz16.jpg	Mercedes-Benz
Mercedes-Benz17.jpg	Mercedes-Benz
Mercedes-Benz18.jpg	Mercedes-Benz
Mercedes-Benz19.jpg	Mercedes-Benz
Mercedes-Benz20.jpg	Mercedes-Benz
Mercedes-Benz21.jpg	Mercedes-Benz
Mercedes-Benz22.jpg	Mercedes-Benz
Mercedes-Benz23.jpg	Mercedes-Benz
Mercedes-Benz24.jpg	Mercedes-Benz
Mercedes-Benz25.jpg	Mercedes-Benz
Mercedes-Benz26.jpg	Mercedes-Benz
Mercedes-Benz27.jpg	Mercedes-Benz
Mercedes-Benz28.jpg	Mercedes-Benz
Mercedes-Benz29.jpg	Mercedes-Benz
Mercedes-Benz30.jpg	Mercedes-Benz
Mercedes-Benz31.jpg	Mercedes-Benz
Mercedes-Benz32.jpg	Mercedes-Benz
Mercedes-Benz33.jpg	Mercedes-Benz
Mercedes-Benz34.jpg	Mercedes-Benz
Mercedes-Benz35.jpg	Mercedes-Benz
Mercedes-Benz36.jpg	Mercedes-Benz
Mercedes-Benz37.jpg	Mercedes-Benz
Mercedes-Benz38.jpg	Mercedes-Benz
Mercedes-Benz39.jpg	Mercedes-Benz
MG0.jpg	MG
MG1.jpg	MG
MG2.jpg	MG
MG3.jpg	MG
MG4.jpg	MG
MG5.jpg	MG
MG6.jpg	MG
MG7.jpg	MG
MG8.jpg	MG
MG9.jpg	MG
MG10.jpg	MG
MG11.jpg	MG
MG12.jpg	MG
MG13.jpg	MG
MG14.jpg	MG
MG15.jpg	MG
MG16.jpg	MG
MG17.jpg	MG
MG18.jpg	MG
MG19.jpg	MG
MG20.jpg	MG
MG21.jpg	MG
MG22.jpg	MG
MG23.jpg	MG
MG24.jpg	MG
MG25.jpg	MG
MG26.jpg	MG
MG27.jpg	MG
MG28.jpg	MG
MG29.jpg	MG
MG30.jpg	MG
MG31.jpg	MG
MG32.jpg	MG
MG33.jpg	MG
MINI0.jpg	MINI
MINI1.jpg	MINI
MINI2.jpg	MINI
MINI3.jpg	MINI
MINI4.jpg	MINI
MINI5.jpg	MINI
MINI6.jpg	MINI
MINI7.jpg	MINI
MINI8.jpg	MINI
MINI9.jpg	MINI
MINI10.jpg	MINI
MINI11.jpg	MINI
MINI12.jpg	MINI
MINI13.jpg	MINI
MINI14.jpg	MINI
MINI15.jpg	MINI
MINI16.jpg	MINI
MINI17.jpg	MINI
MINI18.jpg	MINI
MINI19.jpg	MINI
MINI20.jpg	MINI
MINI21.jpg	MINI
MINI22.jpg	MINI
MINI23.jpg	MINI
MINI24.jpg	MINI
MINI25.jpg	MINI
MINI26.jpg	MINI
MINI27.jpg	MINI
MINI28.jpg	MINI
MINI29.jpg	MINI
MINI30.jpg	MINI
MINI31.jpg	MINI
MINI32.jpg	MINI
MINI33.jpg	MINI
MINI34.jpg	MINI
MINI35.jpg	MINI
MINI36.jpg	MINI
MINI37.jpg	MINI
MINI38.jpg	MINI
MINI39.jpg	MINI
Mitsubishi0.jpg	Mitsubishi
Mitsubishi1.jpg	Mitsubishi
Mitsubishi2.jpg	Mitsubishi
Mitsubishi3.jpg	Mitsubishi
Mitsubishi4.jpg	Mitsubishi
Mitsubishi5.jpg	Mitsubishi
Mitsubishi6.jpg	Mitsubishi
Mitsubishi7.jpg	Mitsubishi
Mitsubishi8.jpg	Mitsubishi
Mitsubishi9.jpg	Mitsubishi
Mitsubishi10.jpg	Mitsubishi
Mitsubishi11.jpg	Mitsubishi
Mitsubishi12.jpg	Mitsubishi
Mitsubishi13.jpg	Mitsubishi
Mitsubishi14.jpg	Mitsubishi
Mitsubishi15.jpg	Mitsubishi
Mitsubishi16.jpg	Mitsubishi
Mitsubishi17.jpg	Mitsubishi
Mitsubishi18.jpg	Mitsubishi
Mitsubishi19.jpg	Mitsubishi
Mitsubishi20.jpg	Mitsubishi
Mitsubishi21.jpg	Mitsubishi
Mitsubishi22.jpg	Mitsubishi
Mitsubishi23.jpg	Mitsubishi
Mitsubishi24.jpg	Mitsubishi
Mitsubishi25.jpg	Mitsubishi
Mitsubishi26.jpg	Mitsubishi
Mitsubishi27.jpg	Mitsubishi
Mitsubishi28.jpg	Mitsubishi
Mitsubishi29.jpg	Mitsubishi
Mitsubishi30.jpg	Mitsubishi
Mitsubishi31.jpg	Mitsubishi
Mitsubishi32.jpg	Mitsubishi
Mitsubishi33.jpg	Mitsubishi
Mitsubishi34.jpg	Mitsubishi
Mitsubishi35.jpg	Mitsubishi
Mitsubishi36.jpg	Mitsubishi
Mitsubishi37.jpg	Mitsubishi
Mitsubishi38.jpg	Mitsubishi
Mitsubishi39.jpg	Mitsubishi
Nissan0.jpg	Nissan
Nissan1.jpg	Nissan
Nissan2.jpg	Nissan
Nissan3.jpg	Nissan
Nissan4.jpg	Nissan
Nissan5.jpg	Nissan
Nissan6.jpg	Nissan
Nissan7.jpg	Nissan
Nissan8.jpg	Nissan
Nissan9.jpg	Nissan
Nissan10.jpg	Nissan
Nissan11.jpg	Nissan
Nissan12.jpg	Nissan
Nissan13.jpg	Nissan
Nissan14.jpg	Nissan
Nissan15.jpg	Nissan
Nissan16.jpg	Nissan
Nissan17.jpg	Nissan
Nissan18.jpg	Nissan
Nissan19.jpg	Nissan
Nissan20.jpg	Nissan
Nissan21.jpg	Nissan
Nissan22.jpg	Nissan
Nissan23.jpg	Nissan
Nissan24.jpg	Nissan
Nissan25.jpg	Nissan
Nissan26.jpg	Nissan
Nissan27.jpg	Nissan
Nissan28.jpg	Nissan
Nissan29.jpg	Nissan
Nissan30.jpg	Nissan
Nissan31.jpg	Nissan
Nissan32.jpg	Nissan
Nissan33.jpg	Nissan
Nissan34.jpg	Nissan
Nissan35.jpg	Nissan
Nissan36.jpg	Nissan
Nissan37.jpg	Nissan
Nissan38.jpg	Nissan
Nissan39.jpg	Nissan
Peugeot0.jpg	Peugeot
Peugeot1.jpg	Peugeot
Peugeot2.jpg	Peugeot
Peugeot3.jpg	Peugeot
Peugeot4.jpg	Peugeot
Peugeot5.jpg	Peugeot
Peugeot6.jpg	Peugeot
Peugeot7.jpg	Peugeot
Peugeot8.jpg	Peugeot
Peugeot9.jpg	Peugeot
Peugeot10.jpg	Peugeot
Peugeot11.jpg	Peugeot
Peugeot12.jpg	Peugeot
Peugeot13.jpg	Peugeot
Peugeot14.jpg	Peugeot
Peugeot15.jpg	Peugeot
Peugeot16.jpg	Peugeot
Peugeot17.jpg	Peugeot
Peugeot18.jpg	Peugeot
Peugeot19.jpg	Peugeot
Peugeot20.jpg	Peugeot
Peugeot21.jpg	Peugeot
Peugeot22.jpg	Peugeot
Peugeot23.jpg	Peugeot
Peugeot24.jpg	Peugeot
Peugeot25.jpg	Peugeot
Peugeot26.jpg	Peugeot
Peugeot27.jpg	Peugeot
Peugeot28.jpg	Peugeot
Peugeot29.jpg	Peugeot
Peugeot30.jpg	Peugeot
Peugeot31.jpg	Peugeot
Peugeot32.jpg	Peugeot
Peugeot33.jpg	Peugeot
Peugeot34.jpg	Peugeot
Peugeot35.jpg	Peugeot
Peugeot36.jpg	Peugeot
Peugeot37.jpg	Peugeot
Peugeot38.jpg	Peugeot
Peugeot39.jpg	Peugeot
Porsche0.jpg	Porsche
Porsche1.jpg	Porsche
Porsche2.jpg	Porsche
Porsche3.jpg	Porsche
Porsche4.jpg	Porsche
Porsche5.jpg	Porsche
Porsche6.jpg	Porsche
Porsche7.jpg	Porsche
Porsche8.jpg	Porsche
Porsche9.jpg	Porsche
Porsche10.jpg	Porsche
Porsche11.jpg	Porsche
Porsche12.jpg	Porsche
Porsche13.jpg	Porsche
Porsche14.jpg	Porsche
Porsche15.jpg	Porsche
Porsche16.jpg	Porsche
Porsche17.jpg	Porsche
Porsche18.jpg	Porsche
Porsche19.jpg	Porsche
Porsche20.jpg	Porsche
Porsche21.jpg	Porsche
Porsche22.jpg	Porsche
Porsche23.jpg	Porsche
Porsche24.jpg	Porsche
Porsche25.jpg	Porsche
Porsche26.jpg	Porsche
Porsche27.jpg	Porsche
Porsche28.jpg	Porsche
Porsche29.jpg	Porsche
Porsche30.jpg	Porsche
Porsche31.jpg	Porsche
Porsche32.jpg	Porsche
Porsche33.jpg	Porsche
Porsche34.jpg	Porsche
Porsche35.jpg	Porsche
Porsche36.jpg	Porsche
Porsche37.jpg	Porsche
Porsche38.jpg	Porsche
Porsche39.jpg	Porsche
Renault0.jpg	Renault
Renault1.jpg	Renault
Renault2.jpg	Renault
Renault3.jpg	Renault
Renault4.jpg	Renault
Renault5.jpg	Renault
Renault6.jpg	Renault
Renault7.jpg	Renault
Renault8.jpg	Renault
Renault9.jpg	Renault
Renault10.jpg	Renault
Renault11.jpg	Renault
Renault12.jpg	Renault
Renault13.jpg	Renault
Renault14.jpg	Renault
Renault15.jpg	Renault
Renault16.jpg	Renault
Renault17.jpg	Renault
Renault18.jpg	Renault
Renault19.jpg	Renault
Renault20.jpg	Renault
Renault21.jpg	Renault
Renault22.jpg	Renault
Renault23.jpg	Renault
Renault24.jpg	Renault
Renault25.jpg	Renault
Renault26.jpg	Renault
Renault27.jpg	Renault
Renault28.jpg	Renault
Renault29.jpg	Renault
Renault30.jpg	Renault
Renault31.jpg	Renault
Renault32.jpg	Renault
Renault33.jpg	Renault
Renault34.jpg	Renault
Renault35.jpg	Renault
Renault36.jpg	Renault
Renault37.jpg	Renault
Renault38.jpg	Renault
Renault39.jpg	Renault
Rolls-Royce0.jpg	Rolls-Royce
Rolls-Royce1.jpg	Rolls-Royce
Rolls-Royce2.jpg	Rolls-Royce
Rolls-Royce3.jpg	Rolls-Royce
Rolls-Royce4.jpg	Rolls-Royce
Rolls-Royce5.jpg	Rolls-Royce
Rolls-Royce6.jpg	Rolls-Royce
Rolls-Royce7.jpg	Rolls-Royce
Rolls-Royce8.jpg	Rolls-Royce
Rolls-Royce9.jpg	Rolls-Royce
Rolls-Royce10.jpg	Rolls-Royce
Rolls-Royce11.jpg	Rolls-Royce
Rolls-Royce12.jpg	Rolls-Royce
Rolls-Royce13.jpg	Rolls-Royce
Rolls-Royce14.jpg	Rolls-Royce
Rolls-Royce15.jpg	Rolls-Royce
Rolls-Royce16.jpg	Rolls-Royce
Rolls-Royce17.jpg	Rolls-Royce
Rolls-Royce18.jpg	Rolls-Royce
Rolls-Royce19.jpg	Rolls-Royce
Rolls-Royce20.jpg	Rolls-Royce
Rolls-Royce21.jpg	Rolls-Royce
Rolls-Royce22.jpg	Rolls-Royce
Rolls-Royce23.jpg	Rolls-Royce
Rolls-Royce24.jpg	Rolls-Royce
Rover0.jpg	Rover
Rover1.jpg	Rover
Rover2.jpg	Rover
Rover3.jpg	Rover
Rover4.jpg	Rover
Rover5.jpg	Rover
Rover6.jpg	Rover
Rover7.jpg	Rover
Rover8.jpg	Rover
Rover9.jpg	Rover
Saab0.jpg	Saab
Saab1.jpg	Saab
Saab2.jpg	Saab
Saab3.jpg	Saab
Saab4.jpg	Saab
Saab5.jpg	Saab
Saab6.jpg	Saab
Saab7.jpg	Saab
Saab8.jpg	Saab
Saab9.jpg	Saab
Saab10.jpg	Saab
Saab11.jpg	Saab
Saab12.jpg	Saab
Saab13.jpg	Saab
Saab14.jpg	Saab
Saab15.jpg	Saab
Saab16.jpg	Saab
Saab17.jpg	Saab
Saab18.jpg	Saab
Saab19.jpg	Saab
Saab20.jpg	Saab
Saab21.jpg	Saab
Saab22.jpg	Saab
Saab23.jpg	Saab
Saab24.jpg	Saab
Saab25.jpg	Saab
Saab26.jpg	Saab
Saab27.jpg	Saab
Saab28.jpg	Saab
Saab29.jpg	Saab
SEAT0.jpg	SEAT
SEAT1.jpg	SEAT
SEAT2.jpg	SEAT
SEAT3.jpg	SEAT
SEAT4.jpg	SEAT
SEAT5.jpg	SEAT
SEAT6.jpg	SEAT
SEAT7.jpg	SEAT
SEAT8.jpg	SEAT
SEAT9.jpg	SEAT
SEAT10.jpg	SEAT
SEAT11.jpg	SEAT
SEAT12.jpg	SEAT
SEAT13.jpg	SEAT
SEAT14.jpg	SEAT
SEAT15.jpg	SEAT
SEAT16.jpg	SEAT
SEAT17.jpg	SEAT
SEAT18.jpg	SEAT
SEAT19.jpg	SEAT
SEAT20.jpg	SEAT
SEAT21.jpg	SEAT
SEAT22.jpg	SEAT
SEAT23.jpg	SEAT
SEAT24.jpg	SEAT
SEAT25.jpg	SEAT
SEAT26.jpg	SEAT
SEAT27.jpg	SEAT
SEAT28.jpg	SEAT
SEAT29.jpg	SEAT
SEAT30.jpg	SEAT
SEAT31.jpg	SEAT
SEAT32.jpg	SEAT
SEAT33.jpg	SEAT
SEAT34.jpg	SEAT
SEAT35.jpg	SEAT
SEAT36.jpg	SEAT
SEAT37.jpg	SEAT
SEAT38.jpg	SEAT
SEAT39.jpg	SEAT
SKODA0.jpg	SKODA
SKODA1.jpg	SKODA
SKODA2.jpg	SKODA
SKODA3.jpg	SKODA
SKODA4.jpg	SKODA
SKODA5.jpg	SKODA
SKODA6.jpg	SKODA
SKODA7.jpg	SKODA
SKODA8.jpg	SKODA
SKODA9.jpg	SKODA
SKODA10.jpg	SKODA
SKODA11.jpg	SKODA
SKODA12.jpg	SKODA
SKODA13.jpg	SKODA
SKODA14.jpg	SKODA
SKODA15.jpg	SKODA
SKODA16.jpg	SKODA
SKODA17.jpg	SKODA
SKODA18.jpg	SKODA
SKODA19.jpg	SKODA
SKODA20.jpg	SKODA
SKODA21.jpg	SKODA
SKODA22.jpg	SKODA
SKODA23.jpg	SKODA
SKODA24.jpg	SKODA
SKODA25.jpg	SKODA
SKODA26.jpg	SKODA
SKODA27.jpg	SKODA
SKODA28.jpg	SKODA
SKODA29.jpg	SKODA
SKODA30.jpg	SKODA
SKODA31.jpg	SKODA
SKODA32.jpg	SKODA
SKODA33.jpg	SKODA
SKODA34.jpg	SKODA
SKODA35.jpg	SKODA
SKODA36.jpg	SKODA
SKODA37.jpg	SKODA
SKODA38.jpg	SKODA
SKODA39.jpg	SKODA
Smart0.jpg	Smart
Smart1.jpg	Smart
Smart2.jpg	Smart
Smart3.jpg	Smart
Smart4.jpg	Smart
Smart5.jpg	Smart
Smart6.jpg	Smart
Smart7.jpg	Smart
Smart8.jpg	Smart
Smart9.jpg	Smart
Smart10.jpg	Smart
Smart11.jpg	Smart
Smart12.jpg	Smart
Smart13.jpg	Smart
Smart14.jpg	Smart
Smart15.jpg	Smart
Smart16.jpg	Smart
Smart17.jpg	Smart
Smart18.jpg	Smart
Smart19.jpg	Smart
Smart20.jpg	Smart
Smart21.jpg	Smart
Smart22.jpg	Smart
Smart23.jpg	Smart
Smart24.jpg	Smart
Smart25.jpg	Smart
Smart26.jpg	Smart
Smart27.jpg	Smart
Smart28.jpg	Smart
Smart29.jpg	Smart
Smart30.jpg	Smart
Smart31.jpg	Smart
Smart32.jpg	Smart
Smart33.jpg	Smart
Smart34.jpg	Smart
Smart35.jpg	Smart
Smart36.jpg	Smart
Smart37.jpg	Smart
Smart38.jpg	Smart
Smart39.jpg	Smart
Ssangyong0.jpg	Ssangyong
Ssangyong1.jpg	Ssangyong
Ssangyong2.jpg	Ssangyong
Ssangyong3.jpg	Ssangyong
Ssangyong4.jpg	Ssangyong
Ssangyong5.jpg	Ssangyong
Ssangyong6.jpg	Ssangyong
Ssangyong7.jpg	Ssangyong
Ssangyong8.jpg	Ssangyong
Ssangyong9.jpg	Ssangyong
Ssangyong10.jpg	Ssangyong
Ssangyong11.jpg	Ssangyong
Ssangyong12.jpg	Ssangyong
Ssangyong13.jpg	Ssangyong
Ssangyong14.jpg	Ssangyong
Ssangyong15.jpg	Ssangyong
Ssangyong16.jpg	Ssangyong
Ssangyong17.jpg	Ssangyong
Ssangyong18.jpg	Ssangyong
Ssangyong19.jpg	Ssangyong
Ssangyong20.jpg	Ssangyong
Ssangyong21.jpg	Ssangyong
Ssangyong22.jpg	Ssangyong
Ssangyong23.jpg	Ssangyong
Ssangyong24.jpg	Ssangyong
Ssangyong25.jpg	Ssangyong
Ssangyong26.jpg	Ssangyong
Ssangyong27.jpg	Ssangyong
Ssangyong28.jpg	Ssangyong
Ssangyong29.jpg	Ssangyong
Ssangyong30.jpg	Ssangyong
Ssangyong31.jpg	Ssangyong
Ssangyong32.jpg	Ssangyong
Ssangyong33.jpg	Ssangyong
Ssangyong34.jpg	Ssangyong
Ssangyong35.jpg	Ssangyong
Ssangyong36.jpg	Ssangyong
Ssangyong37.jpg	Ssangyong
Ssangyong38.jpg	Ssangyong
Ssangyong39.jpg	Ssangyong
Subaru0.jpg	Subaru
Subaru1.jpg	Subaru
Subaru2.jpg	Subaru
Subaru3.jpg	Subaru
Subaru4.jpg	Subaru
Subaru5.jpg	Subaru
Subaru6.jpg	Subaru
Subaru7.jpg	Subaru
Subaru8.jpg	Subaru
Subaru9.jpg	Subaru
Subaru10.jpg	Subaru
Subaru11.jpg	Subaru
Subaru12.jpg	Subaru
Subaru13.jpg	Subaru
Subaru14.jpg	Subaru
Subaru15.jpg	Subaru
Subaru16.jpg	Subaru
Subaru17.jpg	Subaru
Subaru18.jpg	Subaru
Subaru19.jpg	Subaru
Subaru20.jpg	Subaru
Subaru21.jpg	Subaru
Subaru22.jpg	Subaru
Subaru23.jpg	Subaru
Subaru24.jpg	Subaru
Subaru25.jpg	Subaru
Subaru26.jpg	Subaru
Subaru27.jpg	Subaru
Subaru28.jpg	Subaru
Subaru29.jpg	Subaru
Subaru30.jpg	Subaru
Subaru31.jpg	Subaru
Subaru32.jpg	Subaru
Subaru33.jpg	Subaru
Subaru34.jpg	Subaru
Subaru35.jpg	Subaru
Subaru36.jpg	Subaru
Subaru37.jpg	Subaru
Subaru38.jpg	Subaru
Subaru39.jpg	Subaru
Suzuki0.jpg	Suzuki
Suzuki1.jpg	Suzuki
Suzuki2.jpg	Suzuki
Suzuki3.jpg	Suzuki
Suzuki4.jpg	Suzuki
Suzuki5.jpg	Suzuki
Suzuki6.jpg	Suzuki
Suzuki7.jpg	Suzuki
Suzuki8.jpg	Suzuki
Suzuki9.jpg	Suzuki
Suzuki10.jpg	Suzuki
Suzuki11.jpg	Suzuki
Suzuki12.jpg	Suzuki
Suzuki13.jpg	Suzuki
Suzuki14.jpg	Suzuki
Suzuki15.jpg	Suzuki
Suzuki16.jpg	Suzuki
Suzuki17.jpg	Suzuki
Suzuki18.jpg	Suzuki
Suzuki19.jpg	Suzuki
Suzuki20.jpg	Suzuki
Suzuki21.jpg	Suzuki
Suzuki22.jpg	Suzuki
Suzuki23.jpg	Suzuki
Suzuki24.jpg	Suzuki
Suzuki25.jpg	Suzuki
Suzuki26.jpg	Suzuki
Suzuki27.jpg	Suzuki
Suzuki28.jpg	Suzuki
Suzuki29.jpg	Suzuki
Suzuki30.jpg	Suzuki
Suzuki31.jpg	Suzuki
Suzuki32.jpg	Suzuki
Suzuki33.jpg	Suzuki
Suzuki34.jpg	Suzuki
Suzuki35.jpg	Suzuki
Suzuki36.jpg	Suzuki
Suzuki37.jpg	Suzuki
Suzuki38.jpg	Suzuki
Suzuki39.jpg	Suzuki
Tesla0.jpg	Tesla
Tesla1.jpg	Tesla
Tesla2.jpg	Tesla
Tesla3.jpg	Tesla
Tesla4.jpg	Tesla
Tesla5.jpg	Tesla
Tesla6.jpg	Tesla
Tesla7.jpg	Tesla
Tesla8.jpg	Tesla
Tesla9.jpg	Tesla
Tesla10.jpg	Tesla
Tesla11.jpg	Tesla
Tesla12.jpg	Tesla
Tesla13.jpg	Tesla
Tesla14.jpg	Tesla
Tesla15.jpg	Tesla
Tesla16.jpg	Tesla
Tesla17.jpg	Tesla
Tesla18.jpg	Tesla
Tesla19.jpg	Tesla
Tesla20.jpg	Tesla
Tesla21.jpg	Tesla
Tesla22.jpg	Tesla
Tesla23.jpg	Tesla
Tesla24.jpg	Tesla
Tesla25.jpg	Tesla
Tesla26.jpg	Tesla
Tesla27.jpg	Tesla
Tesla28.jpg	Tesla
Tesla29.jpg	Tesla
Tesla30.jpg	Tesla
Tesla31.jpg	Tesla
Tesla32.jpg	Tesla
Tesla33.jpg	Tesla
Tesla34.jpg	Tesla
Tesla35.jpg	Tesla
Tesla36.jpg	Tesla
Tesla37.jpg	Tesla
Tesla38.jpg	Tesla
Tesla39.jpg	Tesla
Toyota0.jpg	Toyota
Toyota1.jpg	Toyota
Toyota2.jpg	Toyota
Toyota3.jpg	Toyota
Toyota4.jpg	Toyota
Toyota5.jpg	Toyota
Toyota6.jpg	Toyota
Toyota7.jpg	Toyota
Toyota8.jpg	Toyota
Toyota9.jpg	Toyota
Toyota10.jpg	Toyota
Toyota11.jpg	Toyota
Toyota12.jpg	Toyota
Toyota13.jpg	Toyota
Toyota14.jpg	Toyota
Toyota15.jpg	Toyota
Toyota16.jpg	Toyota
Toyota17.jpg	Toyota
Toyota18.jpg	Toyota
Toyota19.jpg	Toyota
Toyota20.jpg	Toyota
Toyota21.jpg	Toyota
Toyota22.jpg	Toyota
Toyota23.jpg	Toyota
Toyota24.jpg	Toyota
Toyota25.jpg	Toyota
Toyota26.jpg	Toyota
Toyota27.jpg	Toyota
Toyota28.jpg	Toyota
Toyota29.jpg	Toyota
Toyota30.jpg	Toyota
Toyota31.jpg	Toyota
Toyota32.jpg	Toyota
Toyota33.jpg	Toyota
Toyota34.jpg	Toyota
Toyota35.jpg	Toyota
Toyota36.jpg	Toyota
Toyota37.jpg	Toyota
Toyota38.jpg	Toyota
Toyota39.jpg	Toyota
Vauxhall0.jpg	Vauxhall
Vauxhall1.jpg	Vauxhall
Vauxhall2.jpg	Vauxhall
Vauxhall3.jpg	Vauxhall
Vauxhall4.jpg	Vauxhall
Vauxhall5.jpg	Vauxhall
Vauxhall6.jpg	Vauxhall
Vauxhall7.jpg	Vauxhall
Vauxhall8.jpg	Vauxhall
Vauxhall9.jpg	Vauxhall
Vauxhall10.jpg	Vauxhall
Vauxhall11.jpg	Vauxhall
Vauxhall12.jpg	Vauxhall
Vauxhall13.jpg	Vauxhall
Vauxhall14.jpg	Vauxhall
Vauxhall15.jpg	Vauxhall
Vauxhall16.jpg	Vauxhall
Vauxhall17.jpg	Vauxhall
Vauxhall18.jpg	Vauxhall
Vauxhall19.jpg	Vauxhall
Vauxhall20.jpg	Vauxhall
Vauxhall21.jpg	Vauxhall
Vauxhall22.jpg	Vauxhall
Vauxhall23.jpg	Vauxhall
Vauxhall24.jpg	Vauxhall
Vauxhall25.jpg	Vauxhall
Vauxhall26.jpg	Vauxhall
Vauxhall27.jpg	Vauxhall
Vauxhall28.jpg	Vauxhall
Vauxhall29.jpg	Vauxhall
Vauxhall30.jpg	Vauxhall
Vauxhall31.jpg	Vauxhall
Vauxhall32.jpg	Vauxhall
Vauxhall33.jpg	Vauxhall
Vauxhall34.jpg	Vauxhall
Vauxhall35.jpg	Vauxhall
Vauxhall36.jpg	Vauxhall
Vauxhall37.jpg	Vauxhall
Vauxhall38.jpg	Vauxhall
Vauxhall39.jpg	Vauxhall
Volkswagen0.jpg	Volkswagen
Volkswagen1.jpg	Volkswagen
Volkswagen2.jpg	Volkswagen
Volkswagen3.jpg	Volkswagen
Volkswagen4.jpg	Volkswagen
Volkswagen5.jpg	Volkswagen
Volkswagen6.jpg	Volkswagen
Volkswagen7.jpg	Volkswagen
Volkswagen8.jpg	Volkswagen
Volkswagen9.jpg	Volkswagen
Volkswagen10.jpg	Volkswagen
Volkswagen11.jpg	Volkswagen
Volkswagen12.jpg	Volkswagen
Volkswagen13.jpg	Volkswagen
Volkswagen14.jpg	Volkswagen
Volkswagen15.jpg	Volkswagen
Volkswagen16.jpg	Volkswagen
Volkswagen17.jpg	Volkswagen
Volkswagen18.jpg	Volkswagen
Volkswagen19.jpg	Volkswagen
Volkswagen20.jpg	Volkswagen
Volkswagen21.jpg	Volkswagen
Volkswagen22.jpg	Volkswagen
Volkswagen23.jpg	Volkswagen
Volkswagen24.jpg	Volkswagen
Volkswagen25.jpg	Volkswagen
Volkswagen26.jpg	Volkswagen
Volkswagen27.jpg	Volkswagen
Volkswagen28.jpg	Volkswagen
Volkswagen29.jpg	Volkswagen
Volkswagen30.jpg	Volkswagen
Volkswagen31.jpg	Volkswagen
Volkswagen32.jpg	Volkswagen
Volkswagen33.jpg	Volkswagen
Volkswagen34.jpg	Volkswagen
Volkswagen35.jpg	Volkswagen
Volkswagen36.jpg	Volkswagen
Volkswagen37.jpg	Volkswagen
Volkswagen38.jpg	Volkswagen
Volkswagen39.jpg	Volkswagen
Volvo0.jpg	Volvo
Volvo1.jpg	Volvo
Volvo2.jpg	Volvo
Volvo3.jpg	Volvo
Volvo4.jpg	Volvo
Volvo5.jpg	Volvo
Volvo6.jpg	Volvo
Volvo7.jpg	Volvo
Volvo8.jpg	Volvo
Volvo9.jpg	Volvo
Volvo10.jpg	Volvo
Volvo11.jpg	Volvo
Volvo12.jpg	Volvo
Volvo13.jpg	Volvo
Volvo14.jpg	Volvo
Volvo15.jpg	Volvo
Volvo16.jpg	Volvo
Volvo17.jpg	Volvo
Volvo18.jpg	Volvo
Volvo19.jpg	Volvo
Volvo20.jpg	Volvo
Volvo21.jpg	Volvo
Volvo22.jpg	Volvo
Volvo23.jpg	Volvo
Volvo24.jpg	Volvo
Volvo25.jpg	Volvo
Volvo26.jpg	Volvo
Volvo27.jpg	Volvo
Volvo28.jpg	Volvo
Volvo29.jpg	Volvo
Volvo30.jpg	Volvo
Volvo31.jpg	Volvo
Volvo32.jpg	Volvo
Volvo33.jpg	Volvo
Volvo34.jpg	Volvo
Volvo35.jpg	Volvo
Volvo36.jpg	Volvo
Volvo37.jpg	Volvo
Volvo38.jpg	Volvo
Volvo39.jpg	Volvo
